ns_per_day, mean_time_per_step, stdev_time_per_step
17.965414051564387, 0.00961848135, 0.00018950505344205964
17.895499788221056, 0.009656058899999997, 0.0001810628541849986
18.028128857532497, 0.009585021349999995, 0.00018864805723934299
17.816403998260885, 0.009698926899999996, 0.00022506830538490785
17.905539883890643, 0.009650644500000005, 0.0004212697401661413
18.017730197252845, 0.009590553200000004, 0.0001752973342287283
17.993351831359806, 0.009603547, 0.00019414095478187518
17.8645427558651, 0.009672791650000005, 0.00040977547173047985
17.855051298631814, 0.009677933550000004, 0.0003317791342694419
17.797371456978357, 0.009709298950000002, 0.00025110390813526086
17.84242020535138, 0.009684784800000002, 0.00027410264534455766
17.99447344734249, 0.009602948399999997, 0.0002148515704552224
17.977819771222762, 0.009611844050000005, 0.0003125414514290936
17.92999960062171, 0.0096374793, 0.00020153619545855672
17.876905587095784, 0.009666102400000001, 0.0003852730686544181
17.99976403434336, 0.00960012585, 0.0003167256435429027
18.01087444067011, 0.009594203799999996, 0.00019137431860011495
17.92387729313604, 0.009640771200000004, 0.0002745649133662549
17.98606248776534, 0.009607439099999998, 0.00019143141448426705
17.94020492323659, 0.009631996999999996, 0.00027064538618887756
17.924973343604105, 0.009640181699999993, 0.0002680406805060394
17.913759708631865, 0.00964621625, 0.0006599469848377364
17.93829385741692, 0.00963302315, 0.00024749665455650274
17.88868245588586, 0.009659738800000003, 0.0002920988450197455
17.9407183535267, 0.00963172135, 0.0003019437332616082
17.929361211670795, 0.00963782245, 0.0002730588241546887
17.960899776012088, 0.009620898850000002, 0.00024613160572110963
17.88849689937896, 0.009659839000000002, 0.0003910856730838619
17.901762400536835, 0.009652680899999995, 0.0001845782251245815
17.92153708377243, 0.009642030099999999, 0.0002743577268849876
17.830474534553424, 0.009691273199999996, 0.0004268687949113937
18.02185750951612, 0.009588356800000001, 0.000287955274725034
17.989616243590728, 0.009605541200000001, 0.00018274377178495292
17.7837467679674, 0.00971673755, 0.0002372667583577724
17.84976982938729, 0.0096807971, 0.00019116024240929352
17.774710725840603, 0.009721677199999995, 0.0003592030552636122
17.979550789351432, 0.009610918650000005, 0.00025358306255693873
17.97522199906281, 0.009613233150000006, 0.0002099860408008915
17.751355560745928, 0.009734467850000001, 0.0011621933539734158
17.90310429675125, 0.0096519574, 0.0003060264308111557
17.99283903748848, 0.009603820700000001, 0.0002683366708205296
17.913474837655627, 0.009646369650000004, 0.00023872691451098937
17.880424845102795, 0.009664199900000002, 0.00036922197522620413
18.005471037397506, 0.009597083000000001, 0.00019473372485777837
17.940162084381058, 0.009632019999999998, 0.0002732887857194291
17.913103163364873, 0.009646569799999996, 0.00024317269081199015
17.917826607449907, 0.0096440268, 0.0002584245618562853
17.900053373857066, 0.009653602499999999, 0.00019860428765544228
17.95094707373618, 0.009626233049999999, 0.00026593531057051957
17.910457228786463, 0.009647994900000003, 0.00024367644162084066
17.906590179067397, 0.009650078450000002, 0.00026793494090522597
17.928457703440426, 0.009638308149999992, 0.00027600779940017294
17.84041240054234, 0.009685874750000002, 0.00030428425411025567
17.915579363968934, 0.009645236500000001, 0.00019058774372989016
17.815643443279523, 0.009699340949999994, 0.0003185743925704097
17.998530494978965, 0.009600783799999997, 0.0002788225274608534
18.02041863601615, 0.009589122400000004, 0.00023099650941964535
17.8692961501408, 0.0096702186, 0.00042997638665331054
17.96641552917144, 0.009617945200000005, 0.00018249336331833062
17.955036660537743, 0.0096240405, 0.0003034229341821222
17.934970133578215, 0.00963480835, 0.00028261216344739934
17.97385646408997, 0.009613963499999998, 0.00020971135870668278
17.924379656202504, 0.009640501000000004, 0.0002848747100377559
17.975803725569573, 0.009612922050000005, 0.00018477288224836815
17.90515722150195, 0.00965085075, 0.000293492515091974
17.870674581872493, 0.0096694727, 0.0005962977955978744
17.90976760584051, 0.009648366399999999, 0.00018847698283966065
17.984340510174516, 0.009608359000000004, 0.00016581049663083708
17.956920599277304, 0.009623030800000001, 0.00037616620807543215
17.936091836443843, 0.009634205800000004, 0.00028711854389537963
17.951409368214122, 0.009625985149999997, 0.0001916586837171707
17.944394899764742, 0.00962974795, 0.00023499904369803822
17.91908636551651, 0.0096433488, 0.00022611772763166208
18.037790392180344, 0.009579887349999998, 0.0002830127625804081
18.026983671730925, 0.009585630249999998, 0.0001840721056156156
18.041987651950883, 0.009577658700000002, 0.00019145226122443615
18.00461330706382, 0.0095975402, 0.00020226532168103774
17.858014369139173, 0.009676327749999993, 0.00031854095490879735
17.986933336068855, 0.009606973949999993, 0.0002839175472086258
17.994200431712937, 0.0096030941, 0.0001659046174573158
17.937661022428, 0.009633362999999995, 0.000333672456062339
17.99451954414134, 0.009602923799999998, 0.00017518452322177946
17.929139558181177, 0.0096379416, 0.00017404478893727645
17.971136763163962, 0.009615418449999996, 0.0001649859566677887
17.98152651016296, 0.009609862650000005, 0.00019490779299795628
17.865330579797902, 0.0096723651, 0.00021603631484463034
17.859444220607106, 0.00967555305, 0.000408338015993767
18.059131239155505, 0.0095685666, 0.000179024117595491
18.004714703339264, 0.009597486150000003, 0.00022264625637108239
18.037708016501295, 0.009579931099999996, 0.0002733861940778132
17.938159782424655, 0.009633095149999998, 0.00034706706658007766
17.986123518350148, 0.009607406499999995, 0.00033001100163289055
17.839103366196476, 0.0096865855, 0.0003904569122648838
17.966876098784816, 0.00961769865, 0.00016768158017302953
17.962181748963918, 0.009620212199999997, 0.00019637746700396788
17.9991920050214, 0.009600430949999999, 0.00031800093165471044
17.908378589859762, 0.009649114749999998, 0.00028664719846332326
18.018242250293277, 0.009590280649999996, 0.0001766690642369777
17.917843421638246, 0.00964401775, 0.0002657852068255002
18.024873950533536, 0.009586752199999994, 0.000172488222982027
17.96803561331206, 0.009617078000000003, 0.00018500399406526475
17.95977263489087, 0.009621502649999999, 0.0002970908649295708
17.914124167273133, 0.00964602, 0.0002937691293752107
17.935109652333495, 0.009634733400000003, 0.00017585704475622227
17.89207407728694, 0.009657907700000003, 0.00032382692515910415
17.829659978839956, 0.009691715950000006, 0.0005899256068890504
17.847760093713962, 0.009681887199999998, 0.0009762244762272073
17.904109506009767, 0.009651415499999998, 0.000971374628177039
17.94972907257526, 0.00962688625, 0.00020134772794891037
17.91555623870134, 0.009645248949999997, 0.00028740931691342337
17.946053136113544, 0.00962885815, 0.00019766220075958664
17.82710567262422, 0.009693104600000004, 0.0005871928263316203
18.022869331537727, 0.009587818499999996, 0.00019606662449010725
17.88175012848497, 0.009663483650000004, 0.0002638923751370145
17.869841934888164, 0.009669923249999997, 0.00026649908574600173
17.964792468726504, 0.009618814150000004, 0.00025998718268421985
17.96152594368056, 0.009620563450000001, 0.00017142763626080634
17.993439891706142, 0.009603500000000003, 0.00027213161693319165
18.00156472975924, 0.00959916555, 0.00023836926725472662
18.002939354910936, 0.009598432599999993, 0.00022934909676774605
17.957342239981113, 0.009622804849999993, 0.00023713715330238595
17.94516620804114, 0.009629334050000002, 0.0003161228679378698
17.946420680645115, 0.009628660949999998, 0.0002638583289216091
17.908606968746792, 0.009648991700000002, 0.0002840800781188821
17.970404522073423, 0.00961581025, 0.00025181557326769564
17.879569459346605, 0.009664662249999997, 0.00019932979797874866
17.928509043036733, 0.009638280549999996, 0.0003068385762802093
17.860150094613576, 0.009675170649999999, 0.0003899404685862754
17.96752407455866, 0.009617351799999995, 0.0003041943202809942
17.951560332378968, 0.009625904199999993, 0.00019324049906724723
17.94048338078442, 0.0096318475, 0.00033168125196682643
17.957535479148667, 0.009622701299999998, 0.00030249513068436113
17.96005543358638, 0.009621351149999995, 0.0002055841322508724
17.91527567545151, 0.009645399999999998, 0.00018118924098922446
17.963889307823948, 0.009619297750000002, 0.00019342067998190054
17.870094095559594, 0.009669786799999995, 0.00037225915310724146
17.963431972516904, 0.00961954265, 0.000326923618879677
17.986799188295713, 0.009607045600000004, 0.0002950235262037733
17.919809505787985, 0.00964295965, 0.0003303076207416012
17.95110875288115, 0.009626146350000002, 0.00023678992087357523
17.910585227905887, 0.009647925950000006, 0.0002557943680846328
17.942799569848376, 0.009630604150000001, 0.00021179118661055534
17.851945632726054, 0.009679617199999999, 0.00042554178147517465
17.977807052634407, 0.009611850849999997, 0.0001956599093180543
18.025269456263825, 0.009586541850000005, 0.0002318550827999646
18.013616980944693, 0.009592743099999997, 0.00019908769117218513
17.973462930876853, 0.009614173999999998, 0.0002642352687345428
17.910547542695944, 0.009647946249999997, 0.0003259960715572987
17.993146391796515, 0.009603656649999993, 0.0001752926508427403
17.887082203874858, 0.009660602999999997, 0.0003084599570324522
17.984824086954163, 0.009608100650000001, 0.00022189143340193036
17.940173166587098, 0.009632014050000004, 0.00023358018444406218
17.864239317661728, 0.009672955950000001, 0.0003253021311314928
17.90897827086981, 0.009648791649999995, 0.00022311566457033176
17.931348710751585, 0.009636754200000004, 0.00027818592344035285
18.037663863447026, 0.009579954550000002, 0.00016624952960615812
17.929424090452528, 0.009637788650000001, 0.00025058137712825944
17.92359972266133, 0.009640920500000004, 0.00017275236971154632
18.018308478321106, 0.009590245399999999, 0.00024687792058872147
17.986737123394548, 0.009607078750000005, 0.00033061915502323637
17.92778919945215, 0.009638667550000004, 0.0002634291096510697
17.97190579268429, 0.009615006999999998, 0.00028903473379978675
17.94009736084608, 0.00963205475, 0.0003845440392027542
18.018770397126865, 0.00958999955, 0.00018615197381460357
17.99078412712888, 0.009604917649999998, 0.00017732324997270352
17.903514046410194, 0.0096517365, 0.00023027046834256346
17.876219100210456, 0.009666473599999992, 0.00034157698921155995
17.953963419506046, 0.009624615800000003, 0.00034217525585283003
17.94306255057519, 0.009630462999999999, 0.0002837550197798292
17.881131360911745, 0.00966381805, 0.0004518230327854865
17.87027224780639, 0.009669690400000007, 0.0002535480671066289
17.919990694878905, 0.009642862149999999, 0.0002396001580373753
17.993421342753024, 0.009603509900000001, 0.00019499402778894734
17.923998605102145, 0.009640705950000002, 0.00019024514580828495
17.930737855569873, 0.009637082500000001, 0.00019435127267321544
17.964483094142686, 0.009618979799999998, 0.0002518988632237693
17.85618498412437, 0.009677319100000002, 0.000402011866636762
17.920894000390636, 0.009642376099999996, 0.000260092227992496
17.946177450961407, 0.00962879145, 0.00021182359837501632
17.926844934165917, 0.00963917525, 0.0003438007353775851
17.947553695980343, 0.009628053099999999, 0.00018271719159375659
17.97285023116252, 0.00961450175, 0.000265507017107087
18.010276832807143, 0.00959452215, 0.00018099972395624998
18.022024603630445, 0.009588267899999997, 0.00026756913200066246
18.01537847127764, 0.00959180515, 0.00018021139849553377
17.86877155556292, 0.009670502499999994, 0.00036863418562281894
17.88973290421716, 0.009659171600000004, 0.000413653925906098
17.91726674086675, 0.009644328150000001, 0.0003150047714005346
17.98149292302341, 0.0096098806, 0.0002080065256142957
17.972141215413167, 0.009614881049999998, 0.0002832077931003336
18.019919049580672, 0.009589388249999995, 0.00017624016998978308
18.00237772029484, 0.009598732049999998, 0.0002719406091166436
18.023179028550132, 0.009587653749999998, 0.00015127595598685265
17.999417925073445, 0.009600310450000003, 0.00028259595185408987
17.932172119338972, 0.009636311700000002, 0.000209364943987681
17.85584409764921, 0.009677503849999998, 0.0012010642141941316
17.90961223917197, 0.009648450099999997, 0.0003250833298289121
18.01312978906693, 0.009593002549999997, 0.00017878888318278134
17.867916360593718, 0.009670965350000001, 0.0005589231414273275
17.985791412136408, 0.0096075839, 0.0002009042571587585
17.945875892584684, 0.009628953250000002, 0.00029201471484734186
17.924467507558965, 0.00964045375, 0.00023911798418403964
18.051849235927797, 0.009572426499999998, 0.00018944821951164028
17.977971928083484, 0.009611762700000004, 0.00018479365821176446
17.951492076493963, 0.009625940800000002, 0.00023859944007768947
17.96876654026001, 0.009616686799999994, 0.00019571757045468198
17.999215440447802, 0.009600418450000002, 0.0001719334637289865
17.866068875722004, 0.009671965399999993, 0.00034157383255788414
17.91473119793366, 0.00964569315, 0.00018824473303429576
18.014328240148654, 0.009592364349999988, 0.00024681285352652735
18.030938554959572, 0.009583527750000001, 0.00021358180816806273
18.054880159139564, 0.009570819549999996, 0.00021538153377379237
17.988022319325733, 0.00960639235, 0.0001824469029855607
17.98424289951414, 0.00960841115, 0.0002603056956177345
17.93411212699577, 0.009635269299999995, 0.000267183133330289
17.928070154779533, 0.009638516499999994, 0.0003144643943985907
18.002905687731023, 0.009598450550000002, 0.00018371388394995464
18.02133622962348, 0.009588634150000002, 0.00019254885661096105
18.01768304211644, 0.009590578300000005, 0.00020527927067523111
18.010918556533692, 0.0095941803, 0.00017887666535901155
18.007833876690363, 0.009595823750000001, 0.0001442235182225143
17.927474774289678, 0.009638836599999995, 0.00020023138532403932
17.949852692529063, 0.009626819949999999, 0.00021983670868836304
17.95428856832888, 0.009624441499999994, 0.00030456336312587365
18.059839679730477, 0.009568191250000002, 0.00017621331525256257
17.848357012256926, 0.009681563399999999, 0.0011608247232194999
17.996113964140857, 0.009602073000000004, 0.00022447087658575198
17.895045001844032, 0.009656304299999996, 0.00022718799359490465
17.885239546752846, 0.009661598299999996, 0.0002593212143097154
17.820008907220082, 0.009696964849999996, 0.0012376054073745767
17.976104794574088, 0.009612761049999998, 0.000316764482282303
18.014106640498525, 0.009592482350000004, 0.0001862090563299054
17.982931762568644, 0.0096091117, 0.00020617860036958687
18.003813057573815, 0.009597966800000001, 0.00016246054676763902
17.81016892311354, 0.009702322350000004, 0.00047452768373206427
18.012258843164346, 0.009593466399999997, 0.00021024621233698904
18.015777223070934, 0.009591592849999999, 0.0001746476444327465
17.94606599619037, 0.009628851249999992, 0.00018703512287504158
17.745985169830128, 0.00973741375, 0.0011669546115382512
17.880362864580654, 0.009664233399999996, 0.00031725911444738616
17.85289364411365, 0.009679103199999994, 0.0003909357173259637
17.893450096379226, 0.009657164999999995, 0.00026455515821220227
17.936578779766137, 0.00963394425, 0.00026379261108635377
17.982906498085796, 0.0096091252, 0.00028449848868187567
18.015388989232996, 0.009591799549999998, 0.00016940917303036345
17.94899512581949, 0.009627279900000002, 0.0002327189633884462
17.87234842689358, 0.009668567099999997, 0.0003643620476744491
17.835182477758924, 0.009688714999999997, 0.00020046254475649867
17.958201351032482, 0.009622344500000001, 0.00022894511629894122
18.004680091531277, 0.009597504600000008, 0.000192398737179278
18.036629388182497, 0.009580504, 0.0002973744790342717
17.99348795053532, 0.009603474349999997, 0.0002722817340772939
17.957059899935224, 0.009622956149999995, 0.0001845368759914422
17.942736969833582, 0.009630637750000004, 0.00019172763155567125
17.902383616907137, 0.00965234595, 0.00026116577066286295
17.762197845021895, 0.009728525800000004, 0.0010006252489240322
17.713183973572423, 0.009755445449999997, 0.00034350833438324507
18.015742568717314, 0.009591611299999999, 0.0002061544128023931
18.031161227443746, 0.009583409400000001, 0.0003040672106915322
17.950515011235048, 0.009626464749999996, 0.000246293548727247
17.859300800622226, 0.009675630749999997, 0.0004367829262635091
17.922865215614348, 0.0096413156, 0.00030736792835712827
17.96386213596579, 0.009619312299999998, 0.00028871620283177384
18.00509206509965, 0.009597285000000004, 0.00017647379232591298
17.916009374800726, 0.009645005000000005, 0.000344239913433938
17.83744909159255, 0.00968748385, 0.00022235633373808981
18.004811785949787, 0.009597434400000002, 0.00017317574371051052
17.949963262044953, 0.00962676065, 0.00023281966578655316
17.794113304685812, 0.009711076749999995, 0.0004524894723825327
18.000250222228345, 0.009599866550000002, 0.00018654628922526467
18.014665063278077, 0.009592184999999998, 0.00019935027335177442
17.921719515973138, 0.009641931950000002, 0.0002839817062083445
17.998158657132795, 0.009600982150000003, 0.00018068866278261162
17.94407737631544, 0.009629918350000002, 0.00029564513622694816
18.003417836354874, 0.009598177499999997, 0.00017243097420730535
18.045509270587978, 0.0095757896, 0.0002497934066561495
18.066199919909653, 0.009564822749999997, 0.00026860115973313935
18.0222012869416, 0.009588173900000007, 0.0002102264910985006
17.860538865997686, 0.009674960050000004, 0.0011191788810132309
17.8333363261965, 0.009689717999999993, 0.0003267441256537693
17.871252795556995, 0.009669159850000003, 0.00030163065268582346
18.037785308402366, 0.009579890049999998, 0.000207661828649097
17.916201261024778, 0.009644901699999998, 0.00038624836228253406
17.95002591249327, 0.009626727050000004, 0.0002791921457005945
17.928738586712086, 0.00963815715, 0.0002438740574020661
17.868196181502366, 0.009670813899999998, 0.00033270832244008345
17.992044611316256, 0.009604244750000001, 0.00023120288862268757
17.928335587067593, 0.009638373800000004, 0.000267259280966769
17.966364719449604, 0.009617972399999997, 0.0002074801367213487
17.996565374244753, 0.009601832149999996, 0.00027309100902433075
18.02311022695888, 0.00958769035, 0.00017807197452133545
18.011399057988204, 0.009593924349999994, 0.00019075744205949857
18.016749759367432, 0.0095910751, 0.0002843655541886801
17.94616319287417, 0.009628799100000002, 0.00019538423059967024
17.911266559298923, 0.009647558949999996, 0.0003606188365292306
17.961996344920838, 0.009620311500000004, 0.0003731497636490027
17.934303842788896, 0.009635166299999994, 0.00030648894209816483
17.98686565344612, 0.0096070101, 0.00028450906505148905
18.016931411293765, 0.009590978399999998, 0.0001994125613459512
17.89110087582995, 0.009658433050000003, 0.0003235567045208607
17.86412139877973, 0.009673019799999998, 0.00034087776340040773
17.957830617782157, 0.009622543150000001, 0.00016419582865993918
18.031813472159527, 0.009583062749999992, 0.0002091648090397634
18.05902970087516, 0.0095686204, 0.00017262375631430424
17.9222773373161, 0.009641631849999993, 0.00039994371710823167
17.930695806150315, 0.00963710510000001, 0.00022477136165913249
17.89451731923913, 0.00965658905, 0.0001906032407186714
17.975787269914665, 0.009612930850000001, 0.0003100294531473935
17.90735341581186, 0.00964966715, 0.0006321481685104633
18.01583178751311, 0.009591563799999998, 0.00020439326433886092
17.857228758887093, 0.009676753450000006, 0.000386518569177722
17.94281587200724, 0.009630595400000002, 0.00020552334887673367
17.916180827639835, 0.009644912700000001, 0.0002876399009207843
17.975040252309633, 0.009613330350000006, 0.00024548516067562454
17.969704014952868, 0.009616185100000002, 0.0002428339898679051
17.902507976639598, 0.009652278899999995, 0.0005998909526004285
17.900658431383107, 0.009653276200000007, 0.00028071355854914913
18.00511945563187, 0.009597270400000007, 0.00023991446270895086
17.94268666656682, 0.009630664749999995, 0.000314695793009099
17.942442140815782, 0.009630795999999995, 0.0002896663105980352
17.912911900567412, 0.0096466728, 0.0002524828740202544
17.915350900088278, 0.009645359499999997, 0.0003386704780539282
17.736021035044114, 0.009742884249999998, 0.0016843608995235125
18.02440570246093, 0.009587001249999998, 0.00017343401495280788
17.91120919179624, 0.009647589849999994, 0.00020624588835122616
17.999490951896515, 0.0096002715, 0.00020893628360286993
17.858973638170585, 0.009675807999999996, 0.0003235378055794964
18.044201809798977, 0.009576483450000001, 0.00017630745349926213
17.98722504183136, 0.00960681815, 0.0001951001325825953
17.98053934386274, 0.009610390250000005, 0.0003063607753610711
17.98137644491819, 0.00960994285, 0.00020997202183181026
17.93410868359424, 0.009635271149999996, 0.00020702737036823278
17.941679449594123, 0.009631205400000002, 0.00031181082086560827
17.894261226027687, 0.00965672725, 0.00029178777215785047
18.00547075597652, 0.009597083149999996, 0.00019030746496837944
17.8870248060324, 0.009660633999999998, 0.0002082038623645526
17.969122216022853, 0.009616496450000005, 0.0002175782405866483
17.857003810636034, 0.009676875350000004, 0.0004141213631594033
17.985742739200933, 0.009607609899999998, 0.00029802906134135653
17.891223689553925, 0.009658366750000001, 0.0003310380581574886
18.016813346517505, 0.009591041250000001, 0.00023842896803013904
18.043845699243885, 0.009576672450000004, 0.00018571262965821778
17.954022367013003, 0.009624584200000001, 0.0005087355193739903
17.8443073956429, 0.009683760550000002, 0.000241229426553591
17.952573974708294, 0.009625360699999998, 0.0004039247942607671
17.928976600319917, 0.009638029199999995, 0.0003111920776971472
17.940604172582734, 0.009631782649999998, 0.00025316553243390027
17.98080979344784, 0.0096102457, 0.00020084838409726482
17.9545163474105, 0.009624319399999998, 0.00025267318441865035
17.976543419672236, 0.0096125265, 0.00020806915454993718
17.933268626197986, 0.009635722499999997, 0.00024339246707095195
18.010029335085967, 0.009594654000000005, 0.00020278544176780737
17.9709353815707, 0.009615526199999995, 0.0001905919287827943
17.986055092983342, 0.009607443050000004, 0.00021204968487236635
17.964598513055222, 0.009618917999999994, 0.00019219797767696612
18.013637355509427, 0.00959273225, 0.00029478314000736276
17.934744711597226, 0.009634929450000006, 0.0002537449240548775
18.018540327224198, 0.009590122000000001, 0.00016589136475265212
18.04146746727973, 0.009577934850000011, 0.00021219290434472296
18.029557017227248, 0.00958426209999999, 0.00017977065694680386
17.957659579889693, 0.009622634800000003, 0.00033229141399233474
17.9820513839928, 0.009609582149999999, 0.00026476494584749247
17.967706510074912, 0.00961725415, 0.00023633849892399183
17.972385149399436, 0.009614750549999995, 0.0003011329696600472
17.917379324467202, 0.00964426755, 0.00031986516825187675
17.941387170120255, 0.009631362300000003, 0.0003859878584568308
17.98438318592557, 0.009608336200000001, 0.00017873445347176142
18.01983082382161, 0.009589435200000001, 0.0002616475376969452
17.839176847523426, 0.009686545600000004, 0.0002744947894932338
17.96635799465501, 0.009617975999999999, 0.00027570619947900294
17.91631680340558, 0.009644839500000007, 0.00024927364793641475
17.84936898916947, 0.0096810145, 0.0003688675963757595
17.99983640773681, 0.00960008725, 0.0001920974086027633
18.010271201384054, 0.009594525149999998, 0.00023422557512833335
17.99911991803234, 0.0096004694, 0.00018400989875230674
17.943231261008997, 0.009630372450000011, 0.00021831678035925148
17.973563322272962, 0.009614120300000003, 0.0002881194746529317
17.947557237751294, 0.009628051199999998, 0.00022448716147677452
17.838805027177603, 0.009686747499999995, 0.00038637192682952496
17.97318700052638, 0.0096143216, 0.0003133051055492971
17.97290042329821, 0.009614474899999998, 0.0002729226106334263
18.039097206446925, 0.009579193350000001, 0.00017402420607714724
17.89094277648217, 0.009658518399999993, 0.0003186036911296654
17.84552799433554, 0.009683098199999993, 0.00039534843406716156
17.96576109578998, 0.009618295550000006, 0.00021231006956072969
18.02726341916156, 0.009585481500000005, 0.00017574839450648774
18.022301941589614, 0.009588120350000005, 0.0002859409295964288
17.98484439643767, 0.009608089800000002, 0.0001942242871775002
17.966245728688833, 0.009618036099999998, 0.00021030531062523334
17.978892966936957, 0.009611270299999997, 0.0001774239745457984
17.941349914020144, 0.009631382299999993, 0.0002375404064516097
17.97220645075012, 0.00961484615, 0.00019904940873629554
17.988464335105608, 0.009606156299999996, 0.00020380948677085423
17.998796330495402, 0.009600641999999998, 0.0002263408748084296
18.022134372428965, 0.009588209500000002, 0.0001723233421973947
17.91391004022097, 0.009646135300000004, 0.0002782041907839614
17.912912179102488, 0.009646672650000007, 0.00031204778001218036
17.89521642431249, 0.009656211799999995, 0.00016863158827628625
17.934815725424947, 0.009634891299999998, 0.00025419855440702866
17.92109667819249, 0.009642267050000005, 0.0002836335608492011
17.99874599361898, 0.009600668849999999, 0.00018972345890922373
17.932018968921366, 0.009636393999999998, 0.00037082488020072135
17.98800724566923, 0.00960640040000001, 0.00025254570107705753
17.9184249704451, 0.009643704749999999, 0.0002937809672280775
17.906469566522343, 0.009650143450000002, 0.00033917077368074254
17.860797040962055, 0.009674820200000003, 0.0002745440676125899
18.01497673214066, 0.009592019050000001, 0.00017961822346186228
17.986770542903503, 0.009607060899999999, 0.00019329341005591783
17.98906667626223, 0.009605834649999995, 0.0002585192566505895
18.004583760722948, 0.009597555950000005, 0.0003824599690578823
17.985330621038614, 0.009607830050000002, 0.00025563120908800725
17.95603819428052, 0.009623503700000004, 0.00029099250708257245
18.004010205731554, 0.0095978617, 0.0001989499107439738
17.909717487265798, 0.009648393400000005, 0.00026555168415437724
17.856442571929147, 0.009677179499999999, 0.00028050763872784887
17.910865180144672, 0.009647775149999998, 0.00031281047512305446
17.94544659009305, 0.009629183600000004, 0.00020360147997566566
17.972324492398833, 0.009614783000000002, 0.00017745526548185644
17.974653304772637, 0.009613537299999997, 0.0002657690727754635
17.959539122681186, 0.009621627750000002, 0.00018411919939093617
17.936727818936873, 0.009633864199999998, 0.000290291113424137
17.877899717997856, 0.0096655649, 0.0002565818980462478
17.923682546708832, 0.009640875950000002, 0.00021993715067567419
17.908151701528315, 0.009649237000000001, 0.00024609877155280357
17.92826955377377, 0.009638409300000001, 0.00023168426695241174
17.565126084823152, 0.0098376749, 0.0023001413869863808
17.913439740098386, 0.009646388549999997, 0.00033969289336903207
18.003177748405697, 0.009598305499999998, 0.00015015047451719454
17.94383011084868, 0.009630051050000001, 0.00017945172844978553
17.97245281655196, 0.009614714349999996, 0.00019874814171395728
18.0473053712478, 0.009574836599999999, 0.00018178852584551497
17.950766376961766, 0.009626329949999997, 0.00019067343044821937
18.010293257811277, 0.009594513400000003, 0.00025605469689982715
17.885875538060937, 0.009661254749999997, 0.0003884408053542505
17.936461486470236, 0.009634007249999998, 0.00022378488959038853
17.935629213581933, 0.009634454299999994, 0.0002425387404863261
17.974633672700932, 0.0096135478, 0.00021527089885217443
17.917546344659048, 0.00964417765, 0.00023257183854542558
17.97095220213427, 0.009615517200000001, 0.0002868900654596762
17.94316390687721, 0.009630408600000006, 0.0002094334356013359
18.011564174681972, 0.009593836400000007, 0.0001814240972371963
17.979645449403506, 0.009610868049999997, 0.0002475352476960753
17.97923529422107, 0.009611087300000005, 0.0001547000272230878
17.998023685763716, 0.009601054149999998, 0.0001768459850162262
17.964350121441292, 0.009619051, 0.00021512004826568142
17.878740237889676, 0.009665110499999999, 0.0003808986012575391
17.966254788369508, 0.009618031249999996, 0.00018254370955314962
17.98145203856881, 0.009609902450000004, 0.00017310345874257024
17.92365856390929, 0.009640888849999994, 0.0002941893428532373
17.898617383597102, 0.009654376999999997, 0.0002548181829122748
17.83697764222592, 0.009687739899999999, 0.0006465051194549019
17.961591288678108, 0.009620528450000004, 0.00026815504767028494
17.931482683946975, 0.009636682199999996, 0.00028008670224778664
18.01720220532431, 0.009590834250000003, 0.00017962048359267891
18.054230394547613, 0.009571164000000004, 0.0001945045496464435
17.87410689330345, 0.009667615899999997, 0.0004054280595203323
17.92876658251386, 0.009638142100000002, 0.0003587462731430952
17.910287184925206, 0.009648086500000005, 0.0002687819904302522
17.993854630053875, 0.009603278649999998, 0.00020100004250775202
17.8757286790453, 0.009666738800000001, 0.0003951435832192608
17.848316362275153, 0.009681585449999997, 0.00045614240732538835
17.984696989937785, 0.009608168550000004, 0.00018200443575520445
17.9606243246057, 0.009621046399999994, 0.00022532252610177363
17.941422936121956, 0.009631343100000002, 0.0002458669905550826
17.983701053274054, 0.009608700649999994, 0.0002439570228133993
17.86454063194654, 0.009672792800000002, 0.00037835295666778697
17.986895984185033, 0.009606993899999994, 0.00020095368681617926
17.98433695387108, 0.0096083609, 0.00019880077928269548
18.017768240919295, 0.009590532949999998, 0.0002898794894015025
17.89797575862117, 0.009654723100000009, 0.00034705318891644726
18.019783939557847, 0.00958946015, 0.0002400037793221642
17.939891924920865, 0.00963216505, 0.0001862654007284772
17.90306942530589, 0.009651976199999992, 0.00024671792713014797
17.941373012783988, 0.009631369899999997, 0.00029687718228045746
18.01676347236331, 0.009591067800000004, 0.00023479525362062555
17.99685383125601, 0.009601678249999999, 0.00030794012574632235
17.809536652335623, 0.009702666799999999, 0.000367057219036753
17.825274156043275, 0.009694100550000005, 0.0003011892238043666
18.026215374801104, 0.009586038800000002, 0.00016144886514884283
17.99497827637475, 0.009602679, 0.00023445583482484947
17.975192455616163, 0.00961324895, 0.00030402568886336195
17.976884815903816, 0.009612343950000003, 0.00022825454048090314
17.93739000729905, 0.009633508550000001, 0.0002290800726488919
17.97554090618322, 0.009613062599999998, 0.00025433274723246727
17.996238317539582, 0.009602006650000005, 0.00019217617710714065
17.86392342414196, 0.009673126999999997, 0.00046274661997196417
17.87718615200468, 0.009665950700000004, 0.0003959524756182884
17.94561711586495, 0.0096290921, 0.0003009946279201238
17.934993495139782, 0.009634795799999995, 0.000212965035940234
17.87573903456858, 0.009666733199999998, 0.0002670880709221296
17.97043199405376, 0.00961579555000001, 0.00028664278360822354
17.98674283372202, 0.009607075700000002, 0.00017006606245369035
17.95946903287106, 0.009621665299999997, 0.0003834161382155564
17.928299780221145, 0.009638393049999998, 0.00023901239765409502
17.93558164948572, 0.009634479850000002, 0.0002938781575874813
18.058207528212765, 0.009569056050000004, 0.00016005151423822031
17.98778713571237, 0.00960651795, 0.0002078022443625382
17.92205669539959, 0.00964175054999999, 0.0003524758442362367
18.064514213589444, 0.009565715299999998, 0.00016703030296161
17.980690330625198, 0.00961030955, 0.0002081993638362196
18.06394344321478, 0.00956601755, 0.00014940599962557751
17.91745066530279, 0.009644229149999996, 0.0003270216157912979
17.942102424101073, 0.009630978350000003, 0.0002809684843353898
18.032707292453434, 0.009582587750000001, 0.0001733542993523878
17.93430430812348, 0.009635166049999994, 0.0003048725334795655
17.977579710903033, 0.009611972400000003, 0.00028183838940241057
17.97572191508264, 0.009612965800000003, 0.00028262974100910613
18.029636684822464, 0.009584219750000001, 0.0002613884892665375
18.011879209586205, 0.009593668599999999, 0.00019645892050315842
17.884608135712387, 0.009661939399999996, 0.0003149735485227052
17.904197437045216, 0.009651368100000002, 0.00026875223854510503
17.925044466013624, 0.00964014345, 0.0001859295792195024
17.9871115787737, 0.009606878749999999, 0.0001917280973344149
17.942149277602145, 0.009630953199999997, 0.0003054444233926498
17.746688482564, 0.009737027850000005, 0.00038509208979931996
17.999649850561504, 0.009600186749999998, 0.00019453259958537722
17.9429121019257, 0.009630543750000005, 0.00027695707093544885
17.99457360511893, 0.009602894950000006, 0.00026396868468336323
18.044637828846618, 0.009576252050000001, 0.00019680189278897732
18.002775427878465, 0.00959852, 0.00028610882884791167
17.974183736069207, 0.009613788449999999, 0.0001790734124271075
18.016074936695983, 0.009591434350000002, 0.00017039965652340376
17.85122583840972, 0.009680007500000004, 0.0002369912230564224
17.97734657704064, 0.00961209705, 0.00019110353466012995
18.003262810083346, 0.00959826015, 0.00021219975916912504
17.94641434354288, 0.00962866435, 0.0002945652474471411
17.864845096207794, 0.009672627950000002, 0.00036359464259241625
17.721065900167666, 0.00975110645, 0.0010994235828823606
17.925995236239377, 0.00963963215, 0.00030260756427036956
18.005734732732513, 0.009596942449999996, 0.0001938396200367134
18.003061833234913, 0.009598367299999997, 0.00019768021684114432
17.9499790178457, 0.009626752200000003, 0.00023299150726679345
18.022318200569156, 0.009588111699999994, 0.0001693274577879044
17.929351538051215, 0.009637827649999998, 0.00036145335187807694
17.940984067336743, 0.009631578700000002, 0.0006411399553240104
17.904957686948045, 0.009650958299999998, 0.0003455522031438925
17.972588713173725, 0.009614641649999998, 0.00045515628952398727
17.693924322624895, 0.009766064149999998, 0.0017720286793419368
17.961036898143895, 0.0096208254, 0.00019738679398337465
17.87777986156453, 0.009665629699999997, 0.00025928084550568063
17.930040251435816, 0.00963745745, 0.0003443302765569219
18.04619016362954, 0.009575428300000004, 0.0002742649176569928
18.014143448198425, 0.00959246275, 0.00021469082835050643
17.970198952097164, 0.009615920250000005, 0.00026080267604763094
17.785207035685865, 0.009715939750000001, 0.0005225175144432357
17.981058453340946, 0.009610112799999997, 0.0001931431577147379
17.94693353479875, 0.009628385799999995, 0.0001923783099730854
18.036803439827167, 0.009580411550000004, 0.00021512419223443954
17.940228391565913, 0.009631984400000002, 0.0002620351242224434
17.93208651854009, 0.0096363577, 0.00031344084512980816
17.65761092309621, 0.009786148350000001, 0.0015560657776016063
17.993000160656244, 0.009603734700000003, 0.0002865677763621649
17.96142241950775, 0.0096206189, 0.000203152744215285
17.99776396530403, 0.009601192699999993, 0.00018633157325765635
17.96774032597443, 0.009617236049999998, 0.00029640632445815233
18.0141652324182, 0.00959245115, 0.00018621348622869586
17.89029707107469, 0.009658867, 0.0003032603165283986
17.935929217599117, 0.009634293149999997, 0.00035459982903030153
17.987719914774637, 0.009606553850000001, 0.0002625755355531673
17.98142163263045, 0.009609918700000004, 0.0001997702200841565
17.97220317962595, 0.009614847900000006, 0.00020566696870101265
17.976604759699356, 0.009612493699999995, 0.00022766790338223415
17.923333965818895, 0.009641063449999994, 0.0003854620723009075
18.039825074873495, 0.00957880685, 0.0003153131623184064
17.93274994610835, 0.0096360012, 0.00017934660009990986
17.973505087648682, 0.009614151450000002, 0.00020834915471088715
17.879771203494442, 0.009664553199999995, 0.0002035275136901754
17.954394155620278, 0.009624384899999996, 0.00023548756055228123
18.001320003043336, 0.009599296050000004, 0.00032667107296246745
17.940303825897498, 0.009631943899999995, 0.0002865614086534284
17.817065966310246, 0.00969856655, 0.000516285906000027
17.873028978163497, 0.009668198950000005, 0.00029063250173668836
17.90351543762478, 0.00965173575, 0.00029958002090604743
17.905369284019773, 0.009650736449999997, 0.0002560204799006131
17.953068341715657, 0.009625095649999993, 0.00024010912621145333
17.938564154970077, 0.009632878000000008, 0.00029989040588305506
17.962678699222018, 0.00961994605, 0.00018179549345929353
18.077686314763056, 0.009558745349999998, 0.00016650597793568586
17.97872573638046, 0.0096113597, 0.00030991965850450307
17.914210618110285, 0.009645973450000005, 0.00028828594904134827
17.994654088181306, 0.009602851999999997, 0.00023393135443746044
17.915880183632176, 0.009645074549999999, 0.00032109952879873764
17.97492114660587, 0.009613394049999996, 0.00028825853439116804
17.94775287616504, 0.009627946250000003, 0.00021447900282241147
18.0114801609774, 0.009593881149999997, 0.00025373084055039423
18.055883146420292, 0.009570287899999997, 0.00022612314459425863
18.067259513954333, 0.0095642618, 0.00018886922577004143
17.95470383575752, 0.009624218899999998, 0.0002985146610690265
17.89890771501344, 0.009654220399999991, 0.00031707599479179445
17.997074444320404, 0.00960156055, 0.00016529990183886137
17.950232139974784, 0.00962661645, 0.0002084423237698871
17.87166940613605, 0.009668934450000005, 0.0002754625675099859
17.90203391658429, 0.0096525345, 0.00027954466652516075
17.9772857930322, 0.009612129550000001, 0.00032260472699060204
17.932571848670385, 0.0096360969, 0.0002615332322502176
17.895463371101084, 0.009656078550000008, 0.0003353932026147794
17.927547497496448, 0.009638797499999997, 0.0003176574333216088
17.919057377941662, 0.009643364400000002, 0.00032028708481005063
18.046691302071284, 0.0095751624, 0.00015300582538008535
17.957655940821002, 0.00962263675, 0.00025756407993409916
17.958322941434872, 0.009622279349999997, 0.0003027804142366279
18.054921755475437, 0.009570797500000004, 0.00017728131024039942
17.982514907679167, 0.00960933445, 0.00021181748688540742
17.919256111947938, 0.00964325745, 0.0003955046154448624
17.897072908350943, 0.009655210149999996, 0.00017540759231483093
17.861930810012403, 0.009674206100000003, 0.00023994397288410276
17.997297124674013, 0.009601441749999998, 0.0002127398718524963
17.913950525255594, 0.009646113499999996, 0.00032942311001935503
17.941627568826657, 0.009631233250000001, 0.0002967513690348502
17.969364946888383, 0.00961636655, 0.00029185463586859023
17.861434526022702, 0.009674474899999999, 0.00041074553912923107
17.898935617730565, 0.00965420535, 0.00020075100967192915
17.921995912944823, 0.009641783250000008, 0.0002758083377434073
17.880452505205835, 0.009664184949999998, 0.0003480774709023067
17.815110239371197, 0.009699631250000007, 0.0003006454555279114
17.83465703110788, 0.009689000450000002, 0.00030950555372924026
18.078494941861003, 0.0095583178, 0.00017624492462605038
17.98334115065774, 0.009608892949999996, 0.00018059635555290823
17.932559100974803, 0.009636103750000003, 0.00021966498991511947
17.93757322789791, 0.009633410149999999, 0.0003079190639424156
17.731791052658295, 0.009745208449999999, 0.00047839717844046323
17.993361761525954, 0.0096035417, 0.000165360101770037
18.02168374620119, 0.009588449249999999, 0.00018417027020415885
17.876527291531943, 0.009666306950000004, 0.000293367931991214
17.908338130006044, 0.00964913655, 0.0005262179454696209
17.93238873022841, 0.0096361953, 0.00036705065219434145
17.996213671627714, 0.009602019799999998, 0.00018085216434619603
17.945111698091196, 0.009629363299999997, 0.00027990234091080187
17.87529523718965, 0.009666973199999998, 0.00019062683582972325
17.825204190911812, 0.0096941386, 0.00033802826868501844
17.819973807422866, 0.009696983950000003, 0.0004914004209680075
18.025876427265665, 0.009586219049999995, 0.0002224221959310977
17.91115757992337, 0.00964761765, 0.00029170209382292905
17.9884774432977, 0.009606149299999998, 0.000177180677790842
17.934548519043492, 0.009635034850000003, 0.00017025380987473318
17.910749522422773, 0.009647837449999997, 0.00016768165363817138
17.9220561377605, 0.009641750849999998, 0.00029291493510028043
17.86391409801957, 0.009673132050000002, 0.00035490578094763076
17.96306690530865, 0.009619738149999996, 0.00018803201333355142
17.849582866714282, 0.0096808985, 0.0004338408176254739
18.03724926833928, 0.009580174750000002, 0.00017741460910974987
18.041540835706936, 0.009577895899999998, 0.0002905054181042578
17.92820473001341, 0.009638444149999996, 0.0002853070969290247
17.917703335331215, 0.009644093150000003, 0.00030349040911650896
17.902813921918113, 0.009652113949999997, 0.0002918233108090497
18.001962776503973, 0.009598953300000001, 0.00022252367855736944
17.837672995040514, 0.009687362250000005, 0.0003572473563703523
17.971364502682107, 0.009615296600000002, 0.000244265546610126
17.96739180412016, 0.009617422599999998, 0.00022401020006218358
17.985619186009394, 0.009607675899999996, 0.00028310447902392334
17.96358958156506, 0.009619458249999996, 0.0002547206209085115
17.848321524167314, 0.00968158265000001, 0.0003777495837557145
17.931094911464488, 0.009636890600000001, 0.0002429187774810842
17.844875058766476, 0.009683452500000005, 0.0002460493804704647
17.803138458407698, 0.009706153799999997, 0.0009278209712731391
17.81236152222525, 0.009701128049999995, 0.0007353179538423579
17.910737362668797, 0.009647844, 0.000262567674703104
18.02709698014829, 0.009585569999999996, 0.00016914043421498054
17.93164094236315, 0.009636597149999997, 0.0002956271019110038
17.997073975722767, 0.009601560800000006, 0.0001902107817259156
17.943633998962202, 0.009630156299999996, 0.00021507506997075365
18.00336409736312, 0.009598206150000003, 0.00018831433915753517
18.000192283304013, 0.009599897450000006, 0.00025212916867646426
17.98890234632751, 0.0096059224, 0.00018996323818187223
17.992587522497704, 0.009603954949999997, 0.0002993157768383067
17.9196587964227, 0.009643040749999996, 0.00031621320760406846
17.94234228307334, 0.0096308496, 0.0002944519918157479
17.828448079764964, 0.009692374750000003, 0.001104896391101575
18.019165635048576, 0.009589789199999999, 0.00020560120406731486
17.765666692497827, 0.009726626249999997, 0.0003967980083880729
17.89409074835898, 0.009656819250000004, 0.00029391438939665673
17.833932832475725, 0.0096893939, 0.0001825115172129333
17.976403723063008, 0.009612601200000003, 0.0002786681416297113
17.94084184939742, 0.00963165505, 0.0003531919819255243
18.083151416097554, 0.0095558565, 0.00020116362280104777
18.02054783581276, 0.009589053650000002, 0.00018926889025476122
18.006629909834444, 0.009596465350000007, 0.0002432419392372479
17.947923538979037, 0.0096278547, 0.00022319502361779653
17.986883439978126, 0.009607000600000004, 0.00022904124096536567
17.88943851807618, 0.009659330550000001, 0.00023315592080457365
17.898072991231437, 0.009654670650000006, 0.00021924800990960922
17.984019138326737, 0.0096085307, 0.0001680893975369406
17.913224886621492, 0.00964650425, 0.00035073904446754643
17.879390104204553, 0.009664759200000005, 0.0003137455023367549
17.911774714031594, 0.00964728525, 0.0002956266487670616
17.91280615070614, 0.009646729750000005, 0.0002458170739097782
17.946897840020736, 0.00962840495, 0.00020099064272826008
17.9465408068559, 0.009628596500000005, 0.000282504201414482
17.835531780236636, 0.009688525249999995, 0.0003156205676593106
17.93307553672421, 0.00963582625, 0.00032360290457703094
17.963395465128343, 0.009619562199999997, 0.00024372299870683778
17.93432161858705, 0.009635156750000002, 0.0002570176142995626
17.86246506617913, 0.00967391674999999, 0.0002275092649147453
17.966208929667474, 0.009618055799999997, 0.0002914278063309578
17.963643456856186, 0.009619429399999997, 0.0002604151985461082
17.948616569609197, 0.009627482949999999, 0.0002897198606066682
17.974203086713633, 0.009613778100000005, 0.00028480428998411663
17.93853882877702, 0.0096328916, 0.0003277965632075683
17.99198213554437, 0.009604278099999999, 0.0002617096638224893
17.94940324985995, 0.009627061, 0.0001704373235246648
18.024533267332387, 0.009586933399999999, 0.00021073473242370013
17.956082415093075, 0.009623480000000004, 0.00017447578962949037
17.94813875957432, 0.00962773925, 0.00019499079642740702
18.062240033226153, 0.009566919700000003, 0.00021526337153247334
17.965615216040177, 0.009618373650000005, 0.00018357671384877528
17.836963188889804, 0.009687747749999998, 0.00026303269861395213
17.773520635589737, 0.00972232815, 0.00028270015235721304
17.90159177991227, 0.009652772900000002, 0.00023588818361979725
17.984839155276237, 0.009608092600000007, 0.00019462844531534782
17.931398950465248, 0.009636727200000004, 0.0002338078816502319
17.95236610808749, 0.009625472149999998, 0.0002006265294207487
17.984638121604476, 0.009608199999999992, 0.0002869018321700169
17.99162649087709, 0.00960446795, 0.0001993570966764762
18.018636243770437, 0.00959007095, 0.000182525608037736
17.98016001718104, 0.009610593, 0.0002602552019590266
17.938587153450015, 0.009632865650000003, 0.0002813038589745033
17.91986349046212, 0.0096429306, 0.00031946529348325414
17.955096174789364, 0.009624008600000003, 0.00020768188560653394
17.891870943884758, 0.009658017350000006, 0.0002499764024591312
17.944103836173706, 0.009629904149999993, 0.00025611986120721206
17.85778930882056, 0.009676449700000003, 0.00043162800110348843
18.01734892404703, 0.009590756150000001, 0.00019777844656408857
17.976601112948224, 0.009612495650000002, 0.00018366169457414565
18.002568178866756, 0.009598630500000004, 0.000168005042696962
17.933187388529554, 0.00963576615, 0.00025347821354782045
17.929356188828553, 0.00963782515, 0.00029836156516854957
17.992801473722892, 0.009603840750000002, 0.00029308125043187434
17.933148956761876, 0.009635786800000008, 0.00024596833883307325
17.874695590986, 0.0096672975, 0.0003583451390870071
17.990917023173314, 0.009604846699999997, 0.00018302104167441496
17.94843181835048, 0.009627582050000003, 0.0002587302802415419
17.95446345961471, 0.009624347749999995, 0.00028262584915661015
17.952899352986552, 0.009625186249999996, 0.00036303787490081534
17.9834852597005, 0.009608815949999995, 0.00016973664870518045
17.94582305568015, 0.009628981600000003, 0.0002805187813675578
17.83348632324855, 0.009689636500000001, 0.0002768927708055446
17.879939465850764, 0.009664462250000005, 0.00031650617582777615
17.92117278809714, 0.009642226099999996, 0.00032378297927334866
17.70663236498498, 0.009759055049999993, 0.0008541288313837686
18.000751906407753, 0.009599599, 0.00018774046800740157
17.961490377531717, 0.009620582499999997, 0.00024517494337727546
18.007624353119354, 0.009595935399999993, 0.00016893145566889561
18.052904883992444, 0.009571866750000005, 0.0002816097018228264
17.801001308383903, 0.009707319099999997, 0.0010221625406016581
17.931449841721488, 0.00963669985, 0.0003518406857759831
17.913028514680295, 0.009646609999999995, 0.00025510642945395114
17.98888979932197, 0.009605929099999995, 0.00021084056383671756
17.949033159436496, 0.009627259499999999, 0.00029077945015926513
17.933869882270418, 0.009635399450000002, 0.0002431998885281363
17.993927518054523, 0.009603239749999997, 0.00022319746722648776
17.969404094628203, 0.009616345600000005, 0.00029781620494236273
18.02681460505604, 0.009585720150000001, 0.0001839130774326044
17.865360409686204, 0.009672348950000003, 0.0002571505185046952
18.00107706444436, 0.009599425599999998, 0.00024450363568864324
17.980931315990073, 0.00961018075, 0.0002353877936383003
17.896789494621856, 0.009655363049999997, 0.0001898476908148639
18.014122321311483, 0.009592473999999997, 0.0002262744941803714
18.00658290660094, 0.009596490399999998, 0.0002561286465229699
18.008034115595354, 0.009595717049999999, 0.0002960854690349829
18.024184606827944, 0.009587118849999996, 0.00029496735121124914
